{"accuracy": [0.59807950258255, 0.8592076301574707, 0.9158546328544617, 0.9422576427459717, 0.9551319479942322, 0.9659150838851929, 0.9719040989875793, 0.975986897945404, 0.9789743423461914, 0.981961727142334], "loss": [1.3565566539764404, 0.4381898045539856, 0.258224219083786, 0.17234772443771362, 0.13465677201747894, 0.10495685040950775, 0.08415021747350693, 0.07239481061697006, 0.06317979842424393, 0.055422279983758926], "val_accuracy": [0.8124857544898987, 0.9134418368339539, 0.9321079254150391, 0.9461074471473694, 0.9522535800933838, 0.9594240784645081, 0.9465627074241638, 0.9324493408203125, 0.9614728093147278, 0.9541884660720825], "val_loss": [0.5884608626365662, 0.2667677402496338, 0.20891207456588745, 0.17007675766944885, 0.1528177708387375, 0.13077309727668762, 0.1816885769367218, 0.22500519454479218, 0.13169197738170624, 0.15854105353355408]}